{"cameraMode":{"drawMode":0,"name":"Shaded","section":"Shading Mode"},"sceneLighting":true,"audioPlay":false,"sceneViewState":{"m_AlwaysRefresh":false,"showFog":true,"showSkybox":true,"showFlares":true,"showImageEffects":true,"showParticleSystems":true,"showVisualEffectGraphs":true,"m_FxEnabled":true},"in2DMode":false,"pivot":{"x":131.81094360351563,"y":134.13352966308595,"z":144.09559631347657},"rotation":{"x":0.28985804319381716,"y":0.07026392221450806,"z":-0.021343324333429338,"w":0.9542490243911743},"size":272.8756408691406,"orthographic":false}